word,count,isDifficult,difficulty,translation,definition,phonetic
you,201,no,,,,
i,168,no,,,,
to,134,no,,,,
the,125,no,,,,
a,102,no,,,,
and,101,no,,,,
of,78,no,,,,
we,78,no,,,,
that,78,no,,,,
this,69,no,,,,
is,62,no,,,,
it,57,no,,,,
but,55,no,,,,
not,53,no,,,,
no,50,no,,,,
what,49,no,,,,
it's,45,no,,,,
in,45,no,,,,
are,44,no,,,,
for,44,no,,,,
just,41,no,,,,
go,41,no,,,,
was,38,no,,,,
me,37,no,,,,
on,37,no,,,,
okay,36,no,,,,
do,36,no,,,,
right,35,no,,,,
like,34,no,,,,
us,34,no,,,,
my,32,no,,,,
she,32,no,,,,
your,32,no,,,,
they,31,no,,,,
i'm,30,no,,,,
will,30,no,,,,
so,28,no,,,,
be,28,no,,,,
there,28,no,,,,
yeah,28,no,,,,
shit,28,yes,foundation,"vi. 拉屎；vt. 欺骗, 在...拉屎；n. 粪, 屎；interj. 狗屁",n. a coarse term for defecation,ʃit
her,28,no,,,,
him,28,no,,,,
if,28,no,,,,
he,28,no,,,,
don't,27,no,,,,
can,27,no,,,,
know,27,no,,,,
you're,26,no,,,,
one,26,no,,,,
have,24,no,,,,
need,24,no,,,,
out,24,no,,,,
with,23,no,,,,
here,23,no,,,,
all,22,no,,,,
gonna,22,no,,,,
when,21,no,,,,
how,21,no,,,,
get,20,no,,,,
he's,20,no,,,,
well,19,no,,,,
going,18,no,,,,
his,18,no,,,,
now,17,no,,,,
see,16,no,,,,
take,16,no,,,,
eleven,16,no,,,,
about,16,no,,,,
make,16,no,,,,
henry,16,no,,,,
everything,15,no,,,,
uh,15,no,,,,
think,15,no,,,,
way,14,no,,,,
got,14,no,,,,
oh,14,no,,,,
were,14,no,,,,
she's,14,no,,,,
stop,14,no,,,,
our,14,no,,,,
mean,14,no,,,,
some,14,no,,,,
did,13,no,,,,
had,13,no,,,,
hawkins,13,no,,,,
as,13,no,,,,
that's,13,no,,,,
or,13,no,,,,
only,13,no,,,,
doing,12,no,,,,
can't,12,no,,,,
back,12,no,,,,
into,12,no,,,,
up,11,no,,,,
where,11,no,,,,
been,11,no,,,,
would,11,no,,,,
two,11,no,,,,
good,11,no,,,,
something,11,no,,,,
because,11,no,,,,
then,11,no,,,,
sure,11,no,,,,
kill,11,no,,,,
yes,11,no,,,,
why,10,no,,,,
even,10,no,,,,
time,10,no,,,,
i've,10,no,,,,
very,10,no,,,,
hey,10,no,,,,
always,10,no,,,,
could,10,no,,,,
friends,10,no,,,,
wrong,10,no,,,,
let's,10,no,,,,
find,9,no,,,,
much,9,no,,,,
am,9,no,,,,
tell,9,no,,,,
whoa,9,no,,,,
el,9,no,,,,
three,9,no,,,,
again,9,no,,,,
from,9,no,,,,
mike,9,no,,,,
over,9,no,,,,
at,9,no,,,,
try,9,no,,,,
small,9,no,,,,
we're,8,no,,,,
please,8,no,,,,
never,8,no,,,,
maybe,8,no,,,,
they're,8,no,,,,
down,8,yes,foundation,"a. 向下的；adv. 下, 下去, 降下；prep. 往下, 沿着；n. 丘陵, 软毛, 开阔的高地；[计] 向下, 退下命令",n. soft fine feathers；n. (American football) a complete play to advance the football；n. English physician who first described Down's syndrome (1828-1896)；n. (usually plural) a rolling treeless highland with little soil,daun
exactly,8,no,,,,
has,8,no,,,,
we'll,8,no,,,,
really,8,no,,,,
understand,8,no,,,,
choice,8,no,,,,
son,7,no,,,,
god,7,no,,,,
thought,7,no,,,,
i'd,7,no,,,,
another,7,no,,,,
didn't,7,no,,,,
nina,7,no,,,,
long,7,yes,foundation,"a. 长的, 长久的, 冗长的, 做多头的；vi. 渴望, 热望, 极想；adv. 长久, 始终；n. 长时间, 长信号, 长整型；[计] 长, 长整型",a. primarily temporal sense; being or indicating a relatively great or greater than average duration or passage of time or a duration as specified；a. primarily spatial sense; of relatively great or greater than average spatial extension or extension as specified；s. of relatively great height；a. holding securities or commodities in expectation of a rise in prices,lɒŋ
doesn't,7,no,,,,
still,7,yes,intermediate,"n. 蒸馏室, 寂静, 剧照；v. 蒸馏, (使)平静, (使)静止；a. 静止的, 不动的, 静寂的, 不起泡的, 静物摄影的；adv. 仍然, 更, 静止地；conj. 然而, 但是",n. a static photograph (especially one taken from a movie and used for advertising purposes)；n. an apparatus used for the distillation of liquids; consists of a vessel in which a substance is vaporized by heat and a condenser where the vapor is condensed；v. lessen the intensity of or calm；v. make motionless,stil
day,7,no,,,,
these,7,no,,,,
them,7,no,,,,
who,7,no,,,,
more,7,no,,,,
said,7,no,,,,
five,7,no,,,,
katinka,7,no,,,,
gotta,7,no,,,,
anything,6,no,,,,
want,6,no,,,,
lost,6,no,,,,
hell,6,no,,,,
things,6,no,,,,
feel,6,no,,,,
after,6,no,,,,
an,6,no,,,,
off,6,no,,,,
knew,6,no,,,,
four,6,no,,,,
times,6,no,,,,
vecna,6,no,,,,
i'll,6,no,,,,
max,6,no,,,,
before,6,no,,,,
man,6,no,,,,
fly,6,no,,,,
angry,6,no,,,,
any,6,no,,,,
come,6,no,,,,
look,6,no,,,,
call,6,no,,,,
woman,6,no,,,,
there's,5,no,,,,
nothing,5,no,,,,
nancy,5,no,,,,
whatever,5,no,,,,
looking,5,no,,,,
seen,5,no,,,,
show,5,no,,,,
door,5,no,,,,
safe,5,yes,foundation,"n. 保险箱, 冷藏室；a. 安全的, 可靠的, 平安的, 稳健的, 有把握的",n. strongbox where valuables can be safely kept；n. a ventilated or refrigerated cupboard for securing provisions from pests；a. free from danger or the risk of harm；s. (of an undertaking) secure from risk,seif
dead,5,no,,,,
too,5,no,,,,
found,5,yes,foundation,"vt. 发现, 感到, 找到, 认为, 得到；vi. 裁决；n. 发现；[计] 查找; DOS外部命令:在指定的文件或从键盘输入的文本行中；寻找指定的字符串, 将符合条件的行或行数输出到标准输出设备上","v. come upon, as if by accident; meet with；v. come upon after searching; find the location of something that was missed or lost；v. come to believe on the basis of emotion, intuitions, or indefinite grounds；v. obtain through effort or management",faind
fall,5,no,,,,
first,5,no,,,,
people,5,yes,foundation,"n. 人, 人民, 民族, 平民；vt. 使住满人, 居住于",n. (plural) any group of human beings (men or women or children) collectively；n. members of a family line；v. fill with people；v. furnish with people,'pi:pl
scared,5,no,,,,
heart,5,no,,,,
other,5,no,,,,
away,5,no,,,,
jesus,5,no,,,,
em,5,no,,,,
chance,5,no,,,,
bitch,5,yes,foundation,"n. 母狗, 母狼, 母狐",n. an unpleasant difficulty；n. female of any member of the dog family,bitʃ
little,5,no,,,,
plane,5,yes,advanced,"n. 平面, 扁平物, 机翼, 飞机, 水准, 地位；a. 平的, 平面的；vt. 将...刨平, 刨平, 掠过水面；vi. 翱翔, 乘飞机旅行, 刨掉",n. (mathematics) an unbounded two-dimensional shape；n. a level of existence or development；n. a power tool for smoothing or shaping wood；n. a carpenter's hand tool with an adjustable blade for smoothing or shaping wood,plein
hours,5,no,,,,
house,5,no,,,,
let,5,no,,,,
light,5,no,,,,
dudes,5,no,,,,
papa,5,no,,,,
by,4,no,,,,
done,4,no,,,,
steve,4,no,,,,
trying,4,no,,,,
leave,4,no,,,,
wanted,4,no,,,,
true,4,yes,intermediate,"a. 真实的, 正确的, 忠诚的, 可靠的, 纯粹的, 正式的；n. 真实, 准确；adv. 真实地, 准确地","n. proper alignment; the property possessed by something that is in correct or proper alignment；v. make level, square, balanced, or concentric；a. consistent with fact or reality; not false；s. accurately placed or thrown",tru:
weapons,4,no,,,,
those,4,no,,,,
give,4,no,,,,
hear,4,no,,,,
far,4,no,,,,
once,4,no,,,,
should,4,no,,,,
work,4,no,,,,
keep,4,no,,,,
truth,4,no,,,,
sorry,4,yes,intermediate,"a. 难过的, 悲哀的, 遗憾的",a feeling or expressing regret or sorrow or a sense of loss over something done or undone；s bad; unfortunate；s without merit；s causing dejection,'sɒri
losing,4,no,,,,
told,4,no,,,,
point,4,no,,,,
mistake,4,no,,,,
fight,4,no,,,,
ever,4,no,,,,
memories,4,no,,,,
darkness,4,no,,,,
came,4,no,,,,
happened,4,no,,,,
yet,4,no,,,,
gates,4,no,,,,
end,4,no,,,,
christ,4,no,,,,
same,4,no,,,,
days,4,no,,,,
through,4,no,,,,
reason,4,yes,intermediate,"n. 理由, 原因, 理智, 道理, 前提, 理性；vt. 说服, 推论, 辩论；vi. 推论, 劝说, 思考",n. a rational motive for a belief or action；n. an explanation of the cause of some phenomenon；n. the capacity for rational thought or inference or discrimination；n. a fact that logically justifies some premise or conclusion,'ri:zn
we've,4,no,,,,
fair,4,yes,intermediate,"n. 展览会, 市集, 美好的事物；a. 公平的, 按规则进行的, 不好不坏的, 晴朗的, 美丽的；adv. 公平地, 正面地, 有教养地, 清楚地；vi. 转晴",n. gathering of producers to promote business；n. a competitive exhibition of farm products；v. join so that the external surfaces blend smoothly；a. free from favoritism or self-interest or bias or deception; conforming with established standards or rules,fєә
idea,4,no,,,,
sounds,4,no,,,,
enough,4,no,,,,
prison,4,yes,foundation,"n. 监狱, 监禁, 拘留所；vt. 监禁",n. a correctional institution where persons are confined while on trial or for punishment；n. a prisonlike situation; a place of seeming confinement,'prizn
wouldn't,4,no,,,,
help,4,no,,,,
happy,4,no,,,,
ending,4,yes,foundation,"n. 结束, 终点, 目标, 末端, 梢, 死亡, 残余；v. 结束, 终结, 终止；[计] 端; 结束",n. either extremity of something that has length；n. the point in time at which something ends；n. the concluding parts of an event or occurrence；n. a final part or section,end
killing,4,no,,,,
hicks,4,no,,,,
car,4,no,,,,
hold,4,no,,,,
send,4,no,,,,
ready,4,no,,,,
talking,4,no,,,,
six,4,no,,,,
thing,4,no,,,,
owens,4,no,,,,
who's,4,no,,,,
wait,4,no,,,,
bad,3,no,,,,
stay,3,no,,,,
guys,3,no,,,,
hurry,3,no,,,,
music,3,no,,,,
you've,3,no,,,,
what's,3,no,,,,
power,3,no,,,,
does,3,no,,,,
lead,3,no,,,,
cell,3,no,,,,
along,3,no,,,,
lose,3,no,,,,
dad,3,yes,foundation,"n. 爸爸, 爹爹",n. an informal term for a father; probably derived from baby talk,dæd
shoot,3,no,,,,
dangerous,3,no,,,,
holy,3,no,,,,
check,3,no,,,,
um,3,no,,,,
miles,3,no,,,,
we'd,3,no,,,,
rest,3,yes,foundation,"n. 休息, 睡眠, 安息, 稍息, 静止, 支架, 休息处, 其余者, 剩余部分；vi. 休息, 睡, 长眠, 安心, 静止, 停止, 安置, 依赖；vt. 使休息, 使支撑, 把...寄托于",n. freedom from activity (work or strain or responsibility)；n. a state of inaction；n. euphemisms for death (based on an analogy between lying in a bed and in a tomb)；n. a support on which things can be put,rest
myself,3,no,,,,
believe,3,no,,,,
someone,3,no,,,,
sort,3,yes,foundation,"n. 种类, 方式, 品质, 态度, 举止；vt. 分类, 排序, 挑选；vi. 交往, 协调；[计] 排序; DOS外部命令:从标准输入设备接收数据, 整个数据输入完后；对它以行为单位进行排序, 然后在标准输出设备上输出",n. an approximate definition or example；n. a person of a particular character or nature；n. an operation that segregates items into groups according to a specified criterion,sɒ:t
together,3,no,,,,
past,3,no,,,,
different,3,no,,,,
attack,3,no,,,,
fell,3,no,,,,
coma,3,no,,,,
yourself,3,no,,,,
beyond,3,no,,,,
else,3,no,,,,
world,3,no,,,,
feeling,3,no,,,,
victims,3,no,,,,
saw,3,yes,intermediate,"vt. 看见, 查看, 参观, 游览, 理解, 知道, 同意；vi. 看, 观看, 注意, 知道, 考虑；n. 主教的职位",n. the seat within a bishop's diocese where his cathedral is located；v. perceive by sight or have the power to perceive by sight；v. deem to be；v. be careful or certain to do something; make certain of something,si:
victim,3,no,,,,
dam,3,no,,,,
nice,3,no,,,,
showed,3,no,,,,
fire,3,no,,,,
mouth,3,no,,,,
wasn't,3,no,,,,
many,3,no,,,,
coming,3,no,,,,
mom,3,no,,,,
real,3,no,,,,
home,3,no,,,,
vecna's,3,no,,,,
plan,3,no,,,,
busy,3,yes,intermediate,"a. 忙碌的, 热闹的, 没空的；vt. 使忙；vi. 忙碌；[计] 忙; 忙碌",v. keep busy with；a. actively or fully engaged or occupied；s. overcrowded or cluttered with detail；s. crowded with or characterized by much activity,'bizi
won't,3,no,,,,
happening,3,no,,,,
survived,3,no,,,,
number,3,yes,foundation,"n. 数, 数字, 数目, 号码；vt. 数, 计算, 共计；vi. 计算, 报数；[计] 数字",n. the property possessed by a sum or total or indefinite quantity of units or individuals；n. a concept of quantity involving zero and units；n. a select company of people；n. a numeral or string of numerals that is used for identification,'nʌmbә
sick,3,no,,,,
bet,3,no,,,,
attic,3,yes,advanced,"n. 阁楼, 顶楼；[医] 鼓室上隐窝",n. the dialect of Ancient Greek spoken and written in Attica and Athens and Ionia；n. informal terms for a human head；n. (architecture) a low wall at the top of the entablature; hides the roof；a. of or relating to Attica or its inhabitants or to the dialect spoken in Athens in classical times,'ætik
next,3,no,,,,
it'll,3,no,,,,
miss,3,no,,,,
planning,3,no,,,,
around,3,no,,,,
than,3,no,,,,
tongue,3,no,,,,
states,3,no,,,,
ago,3,no,,,,
clear,3,yes,foundation,"a. 清楚的, 明确的, 澄清的；adv. 清晰地；vt. 澄清, 清除障碍；vi. 放晴, 变清澈；n. 空隙；[计] 清除",n. the state of being free of suspicion；v. make a way or path by removing objects；v. remove；v. be debited and credited to the proper bank accounts,kliә
able,3,no,,,,
risk,3,no,,,,
their,3,no,,,,
kids,3,no,,,,
ya,3,no,,,,
open,3,no,,,,
every,3,no,,,,
run,3,no,,,,
move,3,no,,,,
either,3,no,,,,
doc,3,no,,,,
wanna,3,no,,,,
say,3,no,,,,
lucas,3,no,,,,
mind,3,yes,foundation,"n. 思想, 愿望, 智力, 记忆, 心理, 情绪, 理智, 主意, 心意；vi. 介意, 注意, 留心；vt. 注意, 留意, 专心于, 照看, 介意",n. that which is responsible for one's thoughts and feelings; the seat of the faculty of reason；n. recall or remembrance；n. attention；n. your intention; what you intend to do,maind
hello,3,no,,,,
fast,3,yes,intermediate,"a. 快速的, 紧的；adv. 很快地, 紧紧地, 彻底地；n. 绝食, 斋戒；vi. 绝食, 斋戒","n. abstaining from food；v. abstain from certain foods, as for religious or medical reasons；v. abstain from eating；a. acting or moving or capable of acting or moving quickly",fɑ:st
scary,3,no,,,,
brother,3,no,,,,
life,3,no,,,,
straight,3,yes,intermediate,"n. 直线, 直；a. 直的, 笔直的, 正直的, 直接的, 连续的, 整齐的；adv. 直接地, 立即, 不断地",n. a poker hand with 5 consecutive cards (regardless of suit)；s. successive (without a break)；a. having no deviations；a. (of hair) having no waves or curls,streit
sense,3,yes,foundation,"n. 感应, 感觉, 感官, 意识, 观念, 情理, 知觉, 理智；vt. 感觉, 觉察, 检测；[计] 阅读; 检测",n. a general conscious awareness；n. the meaning of a word or expression; the way in which a word or expression or situation can be interpreted；n. the faculty through which the external world is apprehended；n. a natural appreciation or ability,sens
dr,3,no,,,,
shoes,3,no,,,,
victor-two-sierra,3,no,,,,
copy,3,yes,foundation,"n. 副本, 摹仿, 一册；v. 复印, 抄袭, 复制；[计] 副本; 复制; DOS内部命令:复制文件；将几个文件合并成一个文件, 以及将文件传至外设或在设备之间传送",n. a thing made to be similar or identical to another thing；n. matter to be printed; exclusive of graphical materials；n. material suitable for a journalistic account；v. copy down as is,'kɒpi
die,3,no,,,,
synced,2,yes,advanced,n. synchronization 的缩略词；v. synchronize 的缩略词；[网络] 同步,,
corrected,2,no,,,,
font,2,no,,,,
"color=""#009bcb""><b>chamallow</b></font",2,no,,,,
www.my-subs.com,2,no,,,,
seat,2,yes,foundation,"n. 座, 座位, 位子, 席位, 所在地；vt. 使坐下, 使就座, 为...设座于, 使就职；vi. 安装在底座上",n. a space reserved for sitting (as in a theater or on a train or airplane)；n. furniture that is designed for sitting on；n. any support where you can sit (especially the part of a chair or bench etc. on which you sit)；n. a center of authority (as a city from which authority is exercised),si:t
message,2,no,,,,
soviet,2,no,,,,
union,2,no,,,,
months,2,no,,,,
lower,2,yes,foundation,"n. 低点, 低价, 低, 牛叫声；a. 低的, 消沉的, 低等的, 浅的, 卑贱的；adv. 低下地, 谦卑地, 低；vi. 牛叫",n. an air mass of lower pressure; often brings precipitation；n. British political cartoonist (born in New Zealand) who created the character Colonel Blimp (1891-1963)；n. a low level or position or degree；a. less than normal in degree or intensity or amount,lәu
outta,2,no,,,,
watch,2,no,,,,
vegas,2,no,,,,
coordinates,2,no,,,,
super,2,no,,,,
play,2,no,,,,
she'll,2,no,,,,
telling,2,no,,,,
special,2,yes,foundation,"n. 专辑, 专车, 号外, 特别的东西, 负有特别任务的人员；a. 特别的, 专门的, 特殊的, 额外的, 附加的, 特别亲密的",n. a special offering (usually temporary and at a reduced price) that is featured in advertising；n. a dish or meal given prominence in e.g. a restaurant；n. a television production that features a particular person or work or topic；s. for a special service or occasion,'speʃәl
realize,2,yes,foundation,"vt. 了解, 实现, 使显得逼真, 变卖；vi. 变卖",v. make real or concrete; give reality or substance to；v. convert into cash; of goods and property；v. expand or complete (a part in a piece of baroque music) by supplying the harmonies indicated in the figured bass,'riәlaiz
woods,2,no,,,,
needed,2,no,,,,
lucky,2,yes,foundation,"a. 幸运的, 吉祥的, 好运的, 侥幸的",s. occurring by chance；a. having or bringing good fortune,'lʌki
given,2,no,,,,
basically,2,no,,,,
draw,2,no,,,,
whole,2,no,,,,
party,2,no,,,,
without,2,no,,,,
few,2,no,,,,
gives,2,no,,,,
pushed,2,no,,,,
haven't,2,no,,,,
risked,2,no,,,,
terrible,2,no,,,,
danger,2,yes,foundation,"n. 危险, 威胁；[法] 危险, 危险物, 危机",n. the condition of being susceptible to harm or injury；n. a cause of pain or injury or loss；n. a dangerous place,'deindʒә
takes,2,no,,,,
chiseling,2,no,,,,
barrier,2,no,,,,
between,2,no,,,,
worlds,2,no,,,,
putting,2,no,,,,
cracks,2,no,,,,
pressure,2,no,,,,
build,2,no,,,,
went,2,no,,,,
most,2,no,,,,
spreading,2,no,,,,
creature,2,no,,,,
alone,2,no,,,,
monsters,2,no,,,,
army,2,no,,,,
outside,2,no,,,,
upside,2,no,,,,
chimes,2,no,,,,
kills,2,no,,,,
punch,2,no,,,,
knows,2,no,,,,
phone,2,no,,,,
possible,2,no,,,,
joyce,2,no,,,,
something's,2,no,,,,
made,2,no,,,,
prepared,2,no,,,,
protection,2,no,,,,
gate,2,no,,,,
he'll,2,no,,,,
calling,2,no,,,,
learned,2,no,,,,
skin,2,yes,foundation,"n. 皮肤, 皮；vt. 剥皮, 在...植皮；vi. 长皮, 愈合, 蜕皮",n. a natural protective body covering and site of the sense of touch；n. an outer surface (usually thin)；n. a person's skin regarded as their life；n. a bag serving as a container for liquids; it is made from the hide of an animal,skin
upper,2,yes,intermediate,"a. 上面的, 较高的, 上级的, 上院的, 穿在外面的, 北部的, 地表的, 后期的；n. 鞋帮, 上齿",n. piece of leather or synthetic material that forms the part of a shoe or boot above the sole that encases the foot；s. the topmost one of two；s. higher in place or position；s. superior in rank or accomplishment,'ʌpә
weaknesses,2,no,,,,
goes,2,no,,,,
defenseless,2,no,,,,
gone,2,no,,,,
stand,2,no,,,,
cursed,2,no,,,,
kate,2,no,,,,
bush,2,no,,,,
blow,2,no,,,,
dustin,2,no,,,,
honestly,2,no,,,,
care,2,no,,,,
put,2,no,,,,
grave,2,no,,,,
where's,2,no,,,,
crashed,2,no,,,,
word,2,no,,,,
trust,2,no,,,,
you'll,2,no,,,,
country,2,no,,,,
alive,2,no,,,,
water,2,yes,foundation,"n. 水, 雨水, 海水, 水位, 水面, 流水；vt. 给...浇水, 供以水, 注入水, 使湿；vi. 流泪, 流口水, 加水；a. 水的, 水上的, 水生的, 含水的","n. binary compound that occurs at room temperature as a clear colorless odorless tasteless liquid; freezes into ice below 0 degrees centigrade and boils above 100 degrees centigrade; widely used as a solvent；n. once thought to be one of four elements composing the universe (Empedocles)；n. a liquid necessary for the life of most animals and plants；v. supply with water, as with channels or ditches or streams",'wɒ:tә
comrade,2,no,,,,
works,2,no,,,,
everybody,2,no,,,,
america,2,no,,,,
war,2,no,,,,
zone,2,yes,foundation,"n. 地带, 带, 地区；vt. 环绕, 使分成地带；vi. 分成区；[计] 卡片顶部的三行区; 区; 区域",n. a locally circumscribed place characterized by some distinctive features；n. any of the regions of the surface of the Earth loosely divided according to latitude or longitude；n. an area or region distinguished from adjacent parts by a distinctive feature or characteristic；n. (anatomy) any encircling or beltlike structure,zәun
legal,2,no,,,,
place,2,yes,foundation,"n. 地方, 地点, 位置, 住所, 座位, 地位, 处境, 特权, 空间, 余地, 职务, 位；vt. 放置, 寄予, 认出, 评定, 任命；vi. 名次列前",n. any area set aside for a particular purpose；n. an abstract mental location；n. a general vicinity；n. a particular situation,pleis
avoid,2,yes,intermediate,"vt. 避免, 防止, 撤消；[法] 避免, 回避, 躲开",v. stay clear from; keep away from; keep out of the way of someone or something；v. refrain from doing something,ә'vɒid
shouldn't,2,no,,,,
agree,2,yes,foundation,"vi. 同意, 赞成, 应允, 适合；vt. 承认, 认定, 同意","v. be in accord; be in agreement；v. consent or assent to a condition, or agree to do something；v. show grammatical agreement；v. be agreeable or suitable",ә'gri:
worth,2,no,,,,
learn,2,yes,foundation,vt. 学习；认识到；得知,"v. gain knowledge or skills；v. get to know or become aware of, usually accidentally；v. be a student of a certain subject",lә:n
teaching,2,no,,,,
old,2,yes,intermediate,"n. 以前, 往昔；a. 老的, 旧的, 古老的, 年长的, 老练的",n. past times (especially in the phrase `in days of old')；a. (used especially of persons) having lived for a relatively long time or attained a specific age；a. of long duration; not new；s. (used for emphasis) very familiar,әuld
soon,2,no,,,,
grand,2,no,,,,
name,2,yes,foundation,"n. 名字, 名称, 姓名, 名义, 名誉, 文件名；vt. 命名, 称呼, 任命, 提名, 列举；a. 姓名的, 据以取名的；[计] 名称, 文件名, 姓名",n. a language unit by which a person or thing is known；n. a person's reputation；n. family based on male descent；n. a well-known or notable person,neim
eddie,2,no,,,,
love,2,no,,,,
big,2,no,,,,
drive,2,no,,,,
second,2,no,,,,
happen,2,no,,,,
mayfield,2,no,,,,
here's,2,no,,,,
men,2,yes,intermediate,"n. 男人, 人类, 人；vt. 为...配备人手, 操纵, 使振奋；[计] 城域网, 手册",n. an adult person who is male (as opposed to a woman)；n. the generic use of the word to refer to any human being；n. a male subordinate；n. an adult male person who has a manly character (virile and courageous competent),mæn
years,2,no,,,,
assume,2,yes,advanced,"vt. 假定, 承担, 呈现；vi. 装腔作势, 僭越","v. take to be the case or to be true; accept without verification or proof；v. take on titles, offices, duties, responsibilities；v. take on a certain form, attribute, or aspect；v. occupy or take on",ә'sju:m
walk,2,no,,,,
impossible,2,no,,,,
nellis,2,no,,,,
throw,2,no,,,,
pack,2,no,,,,
how's,2,no,,,,
actually,2,no,,,,
family,2,no,,,,
harringtons,2,no,,,,
week,2,no,,,,
except,2,no,,,,
total,2,no,,,,
stranger,2,no,,,,
against,2,no,,,,
chrissy,2,no,,,,
memory,2,no,,,,
hide,2,no,,,,
deal,2,no,,,,
fact,2,no,,,,
beautiful,2,no,,,,
named,2,no,,,,
military,2,no,,,,
pretty,2,no,,,,
minutes,2,no,,,,
line,2,no,,,,
ah,2,no,,,,
robin,2,no,,,,
force,2,no,,,,
isn't,2,no,,,,
taking,2,no,,,,
mmm,2,no,,,,
already,2,no,,,,
somewhere,2,no,,,,
building,2,no,,,,
signs,2,no,,,,
decide,2,no,,,,
desert,2,no,,,,
hard,2,no,,,,
longitude,2,no,,,,
behind,2,no,,,,
slow,2,yes,foundation,"a. 慢的, 缓慢的, 迟缓的, 迟钝的, 冷漠的, 落后的；adv. 慢地, 迟缓地；v. (使)慢下来",v. become slow or slower；v. cause to proceed more slowly；a. not moving quickly; taking a comparatively long time；a. at a slow tempo,slәu
means,2,no,,,,
might,2,no,,,,
though,2,no,,,,
ellen,2,no,,,,
sam,2,no,,,,
face,2,no,,,,
change,2,no,,,,
hospital,2,no,,,,
own,2,yes,foundation,"n. 自己的；a. 自己的, 嫡亲的, 同胞的；vt. 拥有, 支配, 自认, 承认, 顺从于；vi. 承认, 供认",v. have ownership or possession of；s. belonging to or on behalf of a specified person (especially yourself); preceded by a possessive,әun
cared,2,no,,,,
loved,2,no,,,,
failed,2,no,,,,
monster,2,no,,,,
bat-tle,2,no,,,,
wedgies,2,no,,,,
game,2,no,,,,
record,2,no,,,,
which,2,no,,,,
pull,2,no,,,,
hope,2,no,,,,
slash,2,yes,foundation,"v. 猛砍, 乱砍；n. 猛砍, 乱砍, 删减；[计] 斜线",n. an open tract of land in a forest that is strewn with debris from logging (or fire or wind)；n. a strong sweeping cut made with a sharp instrument；v. cut with sweeping strokes; as with an ax or machete；v. cut open,slæʃ
fighting,2,no,,,,
shh,2,no,,,,
evacuate,2,yes,foundation,"v. 疏散, 撤出, 排泄","v. move out of an unsafe location into safety；v. empty completely；v. move people from their homes or country；v. create a vacuum in (a bulb, flask, reaction vessel)",i'vækjueit
steady,2,no,,,,
sir,2,no,,,,
girl,2,no,,,,
shot,2,no,,,,
jack,2,yes,foundation,"n. 插座, 千斤顶, 男人；vt. 抬起, 提醒, 扛举, 增加, 提高, 放弃；a. 雄的；[计] 插座",n. a small worthless amount；n. a small ball at which players aim in lawn bowling；n. an electrical device consisting of a connector socket designed for the insertion of a plug；n. game equipment consisting of one of several small six-pointed metal pieces that are picked up while bouncing a ball in the game of jacks,dʒæk
ground,2,yes,intermediate,"n. 土地, 战场, 场地, 地面, 范围；a. 土地的, 地面上的；vt. 放在地上, 使搁浅, 打基础, 给...以训练；vi. 搁浅, 落地, 根据, 基于；a. 磨过的；grind的过去式和过去分词","n. a position to be won or defended in battle (or as if in battle)；n. a relatively homogeneous percept extending back of the figure on which attention is focused；n. a connection between an electrical device and a large conducting body, such as the earth (which is taken to be at zero voltage)；n. (art) the surface (as a wall or canvas) prepared to take the paint for a painting",graund
civvy,2,no,,,,
ignore,2,no,,,,
proud,2,no,,,,
www.my-subs.co,1,no,,,,
afraid,1,no,,,,
says,1,no,,,,
madonna,1,no,,,,
blondie,1,no,,,,
bowie,1,no,,,,
beatles,1,no,,,,
prisoners,1,no,,,,
contained,1,no,,,,
working,1,no,,,,
block,1,no,,,,
blocks,1,no,,,,
guess,1,no,,,,
huh,1,no,,,,
visit,1,no,,,,
murray,1,no,,,,
getting,1,no,,,,
starsky,1,no,,,,
hutch,1,no,,,,
eight,1,no,,,,
funeral,1,no,,,,
anybody,1,no,,,,
kidding,1,no,,,,
hero,1,no,,,,
felt,1,no,,,,
easier,1,no,,,,
misses,1,no,,,,
hate,1,no,,,,
interrupt,1,no,,,,
apparently,1,no,,,,
climb,1,no,,,,
this'll,1,no,,,,
hundred,1,no,,,,
odds,1,no,,,,
pulse,1,no,,,,
dropping,1,no,,,,
one-fifty,1,no,,,,
bp's,1,no,,,,
hi,1,no,,,,
jane,1,no,,,,
dude,1,no,,,,
expanded,1,no,,,,
nevada,1,no,,,,
domino's,1,no,,,,
dominoes,1,no,,,,
suzie's,1,no,,,,
save,1,no,,,,
rich,1,no,,,,
d&d,1,no,,,,
nintendo,1,no,,,,
lives,1,no,,,,
totally,1,no,,,,
sh,1,no,,,,
anymore,1,no,,,,
o,1,no,,,,
course,1,no,,,,
born,1,no,,,,
stumbled,1,no,,,,
fate,1,no,,,,
destiny,1,no,,,,
simple,1,no,,,,
dumb,1,yes,foundation,"a. 哑的, 不说话的, 无声音的；[医] 哑的",s. lacking the power of human speech；s. unable to speak because of hereditary deafness,dʌm
luck,1,no,,,,
random,1,no,,,,
nerd,1,yes,foundation,n. 讨厌的人；呆子,n. an intelligent but single-minded expert in a particular technical field or profession,nә:d
superman,1,no,,,,
landed,1,no,,,,
doorstep,1,no,,,,
least,1,no,,,,
lois,1,no,,,,
lane,1,yes,foundation,"n. 小路, 巷, 弄, 单行道",n. a narrow way or road；n. a well-defined track or path; for e.g. swimmers or lines of traffic,lein
ace,1,no,,,,
reporter,1,no,,,,
daily,1,no,,,,
planet,1,no,,,,
stupid,1,no,,,,
amazing,1,no,,,,
paint,1,yes,foundation,"n. 油漆, 颜料, 绘画作品, 涂漆；vt. 油漆, 绘, 画, 描绘, 装饰, 点缀；vi. 绘画, 涂漆",n. a substance used as a coating to protect or decorate a surface (especially a mixture of pigment suspended in a liquid); dries to form a hard coating；v. make a painting；v. apply paint to; coat with paint；v. make a painting of,peint
asked,1,no,,,,
commissioned,1,no,,,,
anyway,1,no,,,,
leading,1,no,,,,
guiding,1,no,,,,
inspiring,1,no,,,,
coat,1,no,,,,
arms,1,no,,,,
nose,1,no,,,,
holds,1,no,,,,
apart,1,no,,,,
especially,1,no,,,,
sometimes,1,no,,,,
better,1,no,,,,
being,1,no,,,,
courage,1,no,,,,
seemed,1,no,,,,
pushing,1,no,,,,
she'd,1,no,,,,
rather,1,no,,,,
quick,1,no,,,,
ripping,1,no,,,,
band-aid,1,no,,,,
needs,1,no,,,,
limit,1,no,,,,
nearly,1,no,,,,
destroyed,1,no,,,,
similarities,1,no,,,,
ended,1,no,,,,
displayed,1,no,,,,
imagined,1,no,,,,
potential,1,yes,intermediate,"n. 潜在性, 可能性, 潜力, 潜能, 势, 位；a. 有潜力的, 可能的, 潜在的",n. the inherent capacity for coming into being；a. existing in possibility,pә'tenʃәl
dreamed,1,no,,,,
awoke,1,no,,,,
you'd,1,no,,,,
within,1,no,,,,
today,1,no,,,,
powers,1,no,,,,
spark,1,no,,,,
awakened,1,no,,,,
doorway,1,no,,,,
hiding,1,no,,,,
until,1,no,,,,
claimed,1,no,,,,
eyes,1,no,,,,
sending,1,no,,,,
letting,1,no,,,,
contact,1,no,,,,
lie,1,yes,intermediate,"n. 谎言, 假象, 位置；vi. 躺着, 说谎, 位于, 展现, 存在, 停泊；vt. 谎骗",n. a statement that deviates from or perverts the truth；n. Norwegian diplomat who was the first Secretary General of the United Nations (1896-1968)；n. position or manner in which something is situated；v. be located or situated somewhere; occupy a certain position,lai
each,1,no,,,,
exists,1,no,,,,
imagine,1,yes,intermediate,"vt. 想像, 设想, 猜测；vi. 想像起来",v. form a mental image of something that is not present or that is not the case,i'mædʒin
concrete,1,no,,,,
dams,1,no,,,,
create,1,no,,,,
left,1,no,,,,
unchecked,1,no,,,,
eventually,1,no,,,,
reach,1,no,,,,
breaking,1,no,,,,
burst,1,yes,foundation,"n. 破裂, 突发, 爆发；v. 爆裂, 突发, 充满；[计] 二进制位组; 字符组; 脉冲串","n. a sudden flurry of activity (often for no obvious reason)；v. come open suddenly and violently, as if from internal pressure；v. move suddenly, energetically, or violently；v. emerge suddenly",bә:st
happens,1,no,,,,
eased,1,no,,,,
gentle,1,yes,intermediate,"a. 温和的, 文雅的",v. stroke soothingly；s. soft and mild; not harsh or stern or severe；s. having or showing a kindly or tender nature；s. quiet and soothing,'dʒentl
talked,1,no,,,,
ominous,1,no,,,,
awful,1,no,,,,
dark,1,yes,foundation,"n. 黑暗, 夜, 黄昏, 模糊；a. 黑暗的, 暗的, 深色的, 隐密的, 模糊的, 无知的",n. absence of light or illumination；n. an unenlightened state；a. devoid of or deficient in light or brightness; shadowed or black；a. (used of color) having a dark hue,dɑ:k
cloud,1,no,,,,
downtown,1,no,,,,
soldiers,1,no,,,,
giant,1,no,,,,
gaping,1,no,,,,
neighborhoods,1,no,,,,
homes,1,no,,,,
holly,1,no,,,,
scare,1,no,,,,
nance,1,no,,,,
across,1,no,,,,
looked,1,no,,,,
eddie's,1,no,,,,
trailer,1,yes,intermediate,"n. 追踪者, 拖车；[电] 拖车",n. a large transport conveyance designed to be pulled by a truck or tractor；n. a wheeled vehicle that can be pulled by a car or truck and is equipped for occupancy,'treilә
growing,1,no,,,,
clock,1,yes,foundation,"n. 时钟, 计时器, (袜子上的)绣花边花；vt. 绣花样, 记时, 记录；vi. 记录时间；[计] 时钟",n. a timepiece that shows the time of day；v. measure the time or duration of an event or action or the person who performs an action in a certain period of time,klɒk
heard,1,no,,,,
rang,1,no,,,,
signal,1,no,,,,
punched,1,no,,,,
use,1,no,,,,
saying,1,no,,,,
could've,1,no,,,,
typed,1,no,,,,
telemarketer,1,no,,,,
job,1,no,,,,
whining,1,no,,,,
phone's,1,no,,,,
coincidence,1,no,,,,
whatever's,1,no,,,,
lenora,1,no,,,,
connected,1,no,,,,
hurt,1,no,,,,
nope,1,no,,,,
barely,1,no,,,,
weren't,1,no,,,,
lair,1,yes,foundation,"n. 兽穴, 兽窝, 泥潭；vi. 进入兽穴, 在泥中打滚；vt. 放于穴中, 使陷入泥潭",n. the habitation of wild animals,lєә
new,1,no,,,,
vecna/henry/one,1,no,,,,
evil,1,no,,,,
male,1,yes,foundation,"n. 男人, 雄性动物；a. 男性的, 雄性的, 有力的",n. an animal that produces gametes (spermatozoa) that can fertilize female gametes (ova)；n. a person who belongs to the sex that cannot have babies；n. the capital of Maldives in the center of the islands；a. being the sex (of plant or animal) that produces gametes (spermatozoa) that perform the fertilizing function in generation,meil
child-murdering,1,no,,,,
version,1,no,,,,
powerful,1,no,,,,
turn,1,no,,,,
inside,1,yes,foundation,"n. 内部, 内脏, 内幕；a. 内部的, 秘密的, 户内的；adv. 在里面；prep. 在...之内",n. the region that is inside of something；n. the inner or enclosed surface of something；a. relating to or being on the side closer to the center or within a defined space；s. being or applying to the inside of a building,'in'said
snap,1,yes,foundation,"vt. 使突然中断, 猛咬, 争夺, 拉断, 使有啪啪声, 厉声说, 突然射击, 用快照拍摄；vi. 咬, 扑, 抓, 折断, 劈啪地响, 厉声说, 砰然关上；n. 猛咬, 猛扑, 劈啪声, 申斥, 快照, 活力, 一般时期的寒冷天气, 揿钮；a. 突然的, 装搭扣的；adv. 猛地；[计] 子网访问协议",n. a spell of cold weather；n. the noise produced by the rapid movement of a finger from the tip to the base of the thumb on the same hand；n. a sudden breaking；n. a fastener used on clothing; fastens with a snapping sound,snæp
fingers,1,no,,,,
hand,1,no,,,,
eleven's,1,no,,,,
strengths,1,no,,,,
remote-travels,1,no,,,,
trance-like,1,no,,,,
state,1,yes,foundation,"n. 州, 状态, 情形, 国家, 政府, 领土, 国务, 社会地位；a. 国家的, 正式的, 礼仪用的, 州的；vt. 说明, 陈述, 规定；[计] 状态",n. the territory occupied by one of the constituent administrative districts of a nation；n. the way something is with respect to its main attributes；n. the group of people comprising the government of a sovereign state；n. a politically organized body of people under a single government,steit
explain,1,no,,,,
attacks,1,no,,,,
physical,1,no,,,,
body,1,no,,,,
bats,1,no,,,,
distract,1,yes,foundation,"vt. 转移, 分心, 使发狂",v. draw someone's attention away from something,dis'trækt
somehow,1,no,,,,
slaying,1,yes,advanced,"v. 杀害, 残杀",v kill intentionally and with premeditation,slei
sleeping,1,no,,,,
dracula,1,no,,,,
coffin,1,yes,foundation,"n. 棺材, 灵柩；vt. 把...装进棺材",n. box in which a corpse is buried or cremated；v. place into a coffin,'kɒfin
theory,1,no,,,,
pattern,1,no,,,,
killings,1,no,,,,
decipher,1,yes,foundation,"vt. 译解, 解释；n. 密电译文",v. read with difficulty,di'saifә
marked,1,no,,,,
ditch,1,yes,foundation,n. 沟渠；vt. 在...开沟；vi. 开沟,n. a long narrow excavation in the earth；n. any small natural waterway；v. forsake；v. make an emergency landing on water,ditʃ
focus,1,yes,foundation,"n. 焦点, 焦距；vi. 聚焦, 注视；vt. 使聚焦, 调焦, 集中；[计] 焦点",n. the concentration of attention or energy on something；n. maximum clarity or distinctness of an image rendered by an optical system；n. maximum clarity or distinctness of an idea；n. a central point or locus of an infection in an organism,'fәukәs
survive,1,yes,foundation,"vt. 比...活得长, 生存, 生还, 幸免于；vi. 活下来, 幸存","v. continue to live through hardship or adversity；v. continue in existence after (an adversity, etc.)",sә'vaiv
chop,1,yes,foundation,"n. 肋条肉, 排骨, 砍, 戳记, 商标；vt. 剁碎, 砍, 切击, 割断；vi. 砍, 突然转向",n. the irregular motion of waves (usually caused by wind blowing in a direction opposite to the tide)；n. a small cut of meat including part of a rib；n. a jaw；n. a tennis return made with a downward motion that puts backspin on the ball,tʃɒp
head,1,no,,,,
stab,1,yes,foundation,"n. 刺, 戳, 剧痛, 尝试, 努力；vt. 刺, 戳, 刺入, 刺痛, 直入, 使伤心；vi. 刺, 刺伤",n. a strong blow with a knife or other sharp pointed instrument；v. stab or pierce,stæb
explosive,1,no,,,,
cooks,1,no,,,,
asshole,1,no,,,,
bam,1,no,,,,
durak,1,no,,,,
sayonara,1,no,,,,
great,1,no,,,,
whoo,1,no,,,,
escape,1,yes,foundation,"n. 逃亡, 避难设备, 逃跑；vi. 逃脱, 避开, 溜走；vt. 逃避, 避免, 被...忘掉",n. the act of escaping physically；n. an inclination to retreat from unpleasant realities through diversion or fantasy；n. an avoidance of danger or difficulty；n. a means or way of escaping,i'skeip
started,1,no,,,,
kindly,1,no,,,,
escapes,1,no,,,,
they'll,1,no,,,,
hunting,1,no,,,,
aren't,1,no,,,,
sticking,1,no,,,,
fault,1,yes,foundation,"n. 过错, 故障, 毛病；vt. 挑剔；vi. 产生断层, 弄错；[计] 故障","n. (geology) a crack in the earth's crust resulting from the displacement of one side with respect to the other；n. (electronics) equipment failure attributable to some defect in a circuit (loose connection or insulation failure or short circuit etc.)；n. responsibility for a bad situation or event；n. (sports) a serve that is illegal (e.g., that lands outside the prescribed area)",fɒ:lt
warning,1,no,,,,
slippery,1,no,,,,
eel,1,no,,,,
dipped,1,no,,,,
baby,1,no,,,,
oil,1,yes,intermediate,"n. 油, 石油, 油画颜料；vt. 涂油于, 使融化成油状, 加油于；vi. 加燃油, 融化","n. a slippery or viscous liquid or liquefiable substance not miscible with water；n. oil paint containing pigment that is used by an artist；v. cover with oil, as if by rubbing",ɒil
asking,1,no,,,,
yuri's,1,no,,,,
dragging,1,no,,,,
tunnel,1,no,,,,
neanderthal,1,no,,,,
rub,1,yes,foundation,"n. 摩擦, 困难, 障碍, 磨损处；vt. 擦, 搓, 摩擦, 惹怒；vi. 摩擦, 擦破",n. the act of rubbing or wiping；v. move over something with pressure；v. cause friction；v. scrape or rub as if to relieve itching,rʌb
bottom,1,no,,,,
shoe,1,no,,,,
jam,1,yes,foundation,"n. 果酱, 拥塞之物, 堵塞, 困境；vt. 挤进, 使塞满, 混杂, 压碎, 使堵塞；vi. 堵塞, 轧住, 拥挤",n. preserve of crushed fruit；v. push down forcibly；v. crush or bruise；v. interfere with or prevent the reception of signals,dʒæm
throat,1,no,,,,
ahead,1,no,,,,
glass,1,no,,,,
hot,1,no,,,,
steam,1,yes,advanced,"n. 蒸汽, 精力；a. 蒸汽的；vi. 蒸发, 行驶, 发怒；vt. 蒸, 煮, 散发",n. water at boiling temperature diffused in the atmosphere；v. emit steam；v. rise as vapor；v. get very angry,sti:m
bath,1,no,,,,
five-inch,1,no,,,,
stack,1,yes,foundation,"n. 堆叠, 堆, 大量, 书库, 枪架, 烟囱, 堆积, 存贮栈；vt. 堆积, 堆满, 暗中对...做手脚；vi. 堆起；[计] 堆积, 堆栈",n. an orderly pile；v. load or cover with stacks；v. arrange in stacks；v. arrange the order of so as to increase one's winning chances,stæk
american,1,no,,,,
dollars,1,no,,,,
yuri,1,no,,,,
moon,1,yes,foundation,"n. 月亮, 月球, 月光；vi. 闲荡；vt. 虚度",n. the natural satellite of the Earth；n. any object resembling a moon；n. United States religious leader (born in Korea) who founded the Unification Church in 1954; was found guilty of conspiracy to evade taxes (born in 1920)；n. any natural satellite of a planet,mu:n
demand,1,yes,foundation,"n. 要求, 需求, 需要；v. 要求, 查询",n. an urgent or peremptory request；n. the ability and desire to purchase goods and services；n. the act of demanding；v. request urgently and forcefully,di'mɑ:nd
double-crossing,1,no,,,,
mudak,1,no,,,,
decorate,1,yes,advanced,v. 装饰,"v. make more attractive by adding ornament, colour, etc.；v. award a mark of honor, such as a medal, to",'dekәreit
roof,1,no,,,,
van,1,no,,,,
brains,1,no,,,,
rough,1,yes,intermediate,"n. 粗糙的东西, 毛坯, 未加工品, 梗概, 草图, 暴徒, 艰难；a. 粗糙的, 粗暴的, 蓬乱的, 草率的, 大致的, 简陋的, 暴风雨的, 艰难的；vt. 使粗糙, 使不平, 使蓬乱, 粗制, 草拟, 粗暴对待, 对...动粗；vi. 变粗糙；adv. 粗糙地, 粗暴地",n. the part of a golf course bordering the fairway where the grass is not cut short；a. having or caused by an irregular surface；s. (of persons or behavior) lacking refinement or finesse；a. of the margin of a leaf shape; having the edge cut or fringed or scalloped,rʌf
couple,1,yes,intermediate,"n. 对, 夫妇, 数个；vt. 使成双, 连接, 使成婚, 把...联系起来；vi. 结合, 成婚",n. a pair who associate with one another；n. a pair of people who live together；n. a small indefinite number；n. two items of the same kind,'kʌpl
free,1,no,,,,
depend,1,yes,foundation,"vi. 靠, 视...而定, 信赖",v. be contingent upon (something that is elided),di'pend
answer,1,no,,,,
huge,1,no,,,,
fake,1,no,,,,
rambo,1,no,,,,
guns,1,no,,,,
grenade,1,yes,foundation,n. 手榴弹,n. a small explosive bomb thrown by hand or fired from a missile,gri'neid
steer,1,no,,,,
main,1,no,,,,
roads,1,no,,,,
oughta,1,no,,,,
cops,1,no,,,,
store,1,no,,,,
called,1,no,,,,
normally,1,no,,,,
bike,1,yes,intermediate,"n. 自行车, 脚踏车",n a motor vehicle with two wheels and a strong frame；n a wheeled vehicle that has two wheels and is moved by foot pedals；v ride a bicycle,baik
bikes,1,no,,,,
mine,1,no,,,,
red,1,no,,,,
ski,1,no,,,,
mask,1,yes,foundation,"n. 面具, 假面具, 掩饰, 石膏面模；vt. 戴面具, 掩饰, 使模糊；vi. 化装, 戴面具, 掩饰, 参加化装舞会；[计] 屏蔽; 掩码",n. a covering to disguise or conceal the face；n. activity that tries to conceal something；n. a protective covering worn over the face；v. put a mask on or cover with a mask,mæsk
bandanna,1,no,,,,
suffocating,1,no,,,,
where'd,1,no,,,,
dads,1,no,,,,
fish,1,yes,foundation,"n. 鱼, 鱼肉, 鱼类, 接合板；vt. 钓, 钓鱼, 查出, 用接合板连接；vi. 捕鱼, 钓鱼, 用钩捞取, 摸索寻找",n. any of various mostly cold-blooded aquatic vertebrates usually having scales and breathing through gills；n. the flesh of fish used as food；v. seek indirectly；v. catch or try to catch fish or shellfish,fiʃ
ball,1,no,,,,
hot-wire,1,no,,,,
swore,1,no,,,,
wind,1,yes,foundation,"n. 风, 气息, 气味, 呼吸, 风声, 趋势, 空谈, 卷绕, 弯曲；vt. 使通风, 嗅出, 使喘气, 吹号角, 上发条, 缠绕, 包, 绞起, 吊起, 使弯曲, 使迂回；vi. 嗅出猎物, 吹响号角, 卷曲, 蜿蜒, 迂回, 缠绕",n. air moving (sometimes with considerable force) from an area of high pressure to an area of low pressure；n. a tendency or force that influences events；n. breath；n. empty rhetoric or insincere or exaggerated talk,wind
murder,1,no,,,,
theft,1,yes,intermediate,"n. 盗窃, 失窃, 盗窃罪, 赃物；[法] 盗窃行为, 偷窃, 失窃",n the act of taking something from someone unlawfully,θeft
auto,1,no,,,,
living,1,no,,,,
munson,1,no,,,,
driving,1,no,,,,
starting,1,no,,,,
sucker,1,no,,,,
harrington's,1,no,,,,
boy,1,no,,,,
locked,1,no,,,,
hang,1,no,,,,
pissed,1,no,,,,
swoop,1,yes,intermediate,"n. 俯冲, 攫取；vt. 抓取；vi. 猛扑, 突然袭击","n. (music) rapid sliding up or down the musical scale；n. a very rapid raid；n. a swift descent through the air；v. move with a sweep, or in a swooping arc",swu:p
bless,1,no,,,,
kiddo,1,yes,advanced,"n. 老兄, 老姐",,'kidәu
personally,1,no,,,,
max's,1,no,,,,
last,1,yes,foundation,"a. 最后的, 末尾的, 最近的；vi. 持续, 支持, 维持；vt. 使维持, 够...用；adv. 最后, 后来；n. 最后, 末尾, 鞋楦头","n. the last or lowest in an ordering or series；n. a person's dying act; the final thing a person can do；n. a unit of weight equal to 4,000 pounds；n. a unit of capacity for grain equal to 80 bushels",lɑ:st
foolish,1,no,,,,
although,1,no,,,,
well-intentioned,1,no,,,,
mission,1,yes,foundation,"n. 任务, 代表团, 使命, 传教团；vt. 派遣, 向...传教",n. an organization of missionaries in a foreign land sent to carry on religious work；n. an operation that is assigned by a higher headquarters；n. a special assignment that is given to a person or group；n. the organized work of a religious missionary,'miʃәn
attempting,1,no,,,,
neither,1,no,,,,
must,1,no,,,,
simply,1,no,,,,
consumes,1,no,,,,
abilities,1,no,,,,
grown,1,no,,,,
strength,1,no,,,,
underestimate,1,yes,intermediate,"n. 低估；vt. 低估, 看轻",n. an estimation that is too low; an estimate that is less than the true or actual value；v. make too low an estimate of,.ʌndәr'estimeit
act,1,no,,,,
rashly,1,no,,,,
upset,1,no,,,,
accomplished,1,no,,,,
short,1,no,,,,
miracle,1,no,,,,
broken,1,no,,,,
stopped,1,no,,,,
nothing's,1,no,,,,
stinson,1,no,,,,
connections,1,no,,,,
hustle,1,yes,foundation,"n. 心碌, 挤, 推, 拥挤喧嚷；vt. 催促, 乱挤活动, 硬逼, 强夺；vi. 赶紧, 硬挤过去",v. cause to move furtively and hurriedly；v. sell something to or obtain something from by energetic and especially underhanded activity；v. get by trying hard；v. pressure or urge someone into an action,'hʌsl
nightfall,1,yes,foundation,"n. 傍晚, 黄昏, 日暮",n the time of day immediately following sunset,'naitfɒ:l
waiting,1,no,,,,
greater,1,no,,,,
makes,1,no,,,,
lifted,1,no,,,,
pound,1,no,,,,
tank,1,no,,,,
goddamn,1,no,,,,
air,1,no,,,,
capable,1,no,,,,
overestimating,1,no,,,,
matter,1,no,,,,
agreed,1,no,,,,
offer,1,no,,,,
whether,1,no,,,,
wants,1,no,,,,
may,1,no,,,,
standing,1,no,,,,
making,1,no,,,,
goodbyes,1,no,,,,
handle,1,no,,,,
half,1,no,,,,
considering,1,no,,,,
yesterday,1,no,,,,
mornin,1,no,,,,
silly,1,no,,,,
dream,1,no,,,,
full,1,no,,,,
brood,1,no,,,,
nuggets,1,no,,,,
girls,1,no,,,,
boys,1,no,,,,
summer,1,yes,foundation,"n. 夏季, 全盛时期；vi. 避暑, 过夏天；[计] 加法器","n. the warmest season of the year; in the northern hemisphere it extends from the summer solstice to the autumnal equinox；n. the period of finest development, happiness, or beauty；v. spend the summer",'sʌmә
figured,1,no,,,,
rockies,1,no,,,,
canyon,1,no,,,,
yellowstone,1,no,,,,
beachside,1,no,,,,
town,1,no,,,,
california,1,no,,,,
spend,1,no,,,,
parked,1,no,,,,
sand,1,no,,,,
surf,1,no,,,,
six-kid,1,no,,,,
part,1,yes,foundation,"n. 部分, 局部, 零件, 要素, 等分, 职责, 角色, 部位；vt. 分开, 分离, 断绝, 区别, 分配；vi. 分开, 断裂, 分手；a. 部分的, 局部的；adv. 部分地, 有些",n. something determined in relation to something that includes it；n. something less than the whole of a human artifact；n. a portion of a natural object；n. that which concerns a person with regard to a particular role or situation,pɑ:t
nightmare,1,no,,,,
practice,1,yes,foundation,"n. 实践, 练习, 实行, 惯例, 习惯, 开业；v. 实践, 实行, 练习, 实习, 业务",n. a customary way of operation or behavior；n. translating an idea into action；n. the exercise of a profession；n. knowledge of how something is usually done,'præktis
rain,1,yes,foundation,"n. 雨, 下雨, 雨天；vi. 下雨；vt. 使大量落下",n. water falling in drops from vapor condensed in the atmosphere；n. drops of fresh water that fall as precipitation from clouds；n. anything happening rapidly or in quick successive；v. precipitate as rain,rein
sunny,1,no,,,,
lonely,1,no,,,,
friend,1,no,,,,
thinking,1,no,,,,
seeing,1,no,,,,
ms,1,no,,,,
kelley,1,no,,,,
figure,1,no,,,,
students,1,no,,,,
office,1,no,,,,
read,1,no,,,,
files,1,no,,,,
mentions,1,no,,,,
headaches,1,no,,,,
nosebleeds,1,no,,,,
nightmares,1,no,,,,
identify,1,yes,foundation,"vt. 识别, 认为...等同于, 确定, 使参与；vi. 一致, 认同","v. recognize as being; establish the identity of someone or something；v. consider (oneself) as similar to somebody else；v. conceive of as united or associated；v. identify as in botany or biology, for example",ai'dentifai
likely,1,no,,,,
stake,1,no,,,,
uses,1,no,,,,
darkest,1,no,,,,
fred,1,no,,,,
sees,1,no,,,,
opposite,1,no,,,,
direction,1,no,,,,
control,1,no,,,,
push,1,yes,foundation,"n. 推, 推动, 奋斗, 攻击, 进取心；vt. 推, 推动, 使伸出, 推行, 逼迫, 增加；vi. 推, 推进, 增加, 努力争取","n. the act of applying force in order to move something away；n. the force used in pushing；n. an effort to advance；v. move with force, ""He pushed the table into a corner""",puʃ
happiest,1,no,,,,
presumptuous,1,no,,,,
might've,1,no,,,,
start,1,no,,,,
lift,1,yes,foundation,"n. 举起, 帮助, 昂扬, 电梯；vt. 升高, 提高, 鼓舞, 清偿, 空运, 举起, 剽窃；vi. 升起, 消散, 耸立",n. the act of giving temporary assistance；n. a wave that lifts the surface of the water or ground；n. a device worn in a shoe or boot to make the wearer look taller or to correct a shortened leg；n. one of the layers forming the heel of a shoe or boot,lift
heh,1,no,,,,
whiff,1,yes,foundation,"n. 一吹, 一吸, 一阵, 一点点, 一口烟；vi. 轻轻地吹, 喷气, 三击不中出局, 垂钓；vt. 吹送, 喷出, 吸, 使三击不中出局",n. a lefteye flounder found in coastal waters from New England to Brazil；n. a strikeout resulting from the batter swinging at and missing the ball for the third strike；v. drive or carry as if by a puff of air；v. strike out by swinging and missing the pitch charged as the third,hwif
funny,1,yes,foundation,"a. 好笑的, 有趣的, 滑稽的；n. 滑稽人物",s. experiencing odd bodily sensations,'fʌni
business,1,no,,,,
smuggler,1,no,,,,
hesitate,1,no,,,,
parrot,1,yes,intermediate,"n. 鹦鹉, 应声虫；vt. 学舌, 机械地模仿",n. usually brightly colored zygodactyl tropical birds with short hooked beaks and the ability to mimic sounds；n. a copycat who does not understand the words or acts being imitated；v. repeat mindlessly,'pærәt
cop,1,no,,,,
repeating,1,no,,,,
trapped,1,no,,,,
dull,1,no,,,,
opportunity,1,no,,,,
smother,1,no,,,,
poor,1,no,,,,
joke,1,no,,,,
bird,1,no,,,,
lover,1,no,,,,
also,1,no,,,,
round,1,yes,foundation,"n. 圆, 圆形物, 巡回, 循环, 一轮, 一回合, 一局, 范围, 轮唱；a. 圆的, 球形的, 丰满的, 肥胖的, 完全的, 大概的, 完美的, 圆润的；prep. 围着, 附近, 绕过, 在...周围；adv. 围绕着, 在周围, 迂回地, 挨个, 朝反方向；vt. 弄圆, 使成圆形, 绕行, 完成, 围捕, 把...四舍五入；vi. 变圆, 发胖, 环行, 拐弯, 进展",n. a charge of ammunition for a single shot；n. (often plural) a series of professional calls (usually in a set order)；n. the usual activities in your day；n. the course along which communications spread,raund
buttocks,1,no,,,,
mu,1,no,,,,
cannot,1,no,,,,
winds,1,no,,,,
strong,1,no,,,,
sky,1,no,,,,
coast,1,no,,,,
while,1,no,,,,
refuel,1,no,,,,
dip,1,yes,foundation,"v. 浸, 降下, 把(手、勺等)伸入, 舀取；n. 浸, 涉猎；[计] 双列直插式组件, 分布式输入输出系统, 双排直插封装",n. a depression in an otherwise level surface；n. (physics) the angle that a magnetic needle makes with the plane of the horizon；n. tasty mixture or liquid into which bite-sized foods are dipped；n. a brief immersion,dip
ice-cold,1,no,,,,
wash,1,yes,foundation,"n. 洗, 洗涤, 冲洗, 洗的衣服, 冲积物, 洼地；vt. 洗, 洗涤, 洗清, 用水冲洗, 流过, 弄湿, 粉刷, 镀金属薄层于；vi. 洗涤, 洗澡, 被冲蚀, 漂浮",n. a thin coat of water-base paint；n. the work of cleansing (usually with soap and water)；n. the dry bed of an intermittent stream (as at the bottom of a canyon)；n. a watercolor made by applying a series of monochrome washes one over the other,wɒʃ
muck,1,yes,advanced,"n. 垃圾, 肥料；vt. 施肥, 弄脏, 弄糟；vi. 搬运矸石","v. remove muck, clear away muck, as in a mine",mʌk
furthest,1,no,,,,
flown,1,no,,,,
virgin,1,yes,foundation,"n. 处女；a. 处女的, 贞洁的, 纯洁的, 初始的, 纯的",n. a person who has never had sex；s. being used or worked for the first time,'vә:dʒin
goodness,1,no,,,,
unspoiled,1,no,,,,
soar,1,no,,,,
tune-up,1,no,,,,
warn,1,no,,,,
jim,1,no,,,,
later,1,no,,,,
contacts,1,no,,,,
spies,1,no,,,,
united,1,no,,,,
relative,1,no,,,,
correct,1,yes,foundation,"a. 正确的, 合适的；vt. 改正, 订正",v. make right or correct；v. treat a defect；a. free from error; especially conforming to fact or truth；s. socially right or correct,kә'rekt
da,1,no,,,,
spasibo,1,no,,,,
long's,1,no,,,,
kgb,1,no,,,,
listening,1,no,,,,
suggest,1,no,,,,
code,1,no,,,,
flies,1,no,,,,
welcome,1,yes,foundation,"n. 欢迎, 欢迎词；a. 受欢迎的, 可随意的, 可喜的；vt. 欢迎, 接待；interj. 欢迎",n. the state of being welcome；n. a greeting or reception；v. accept gladly；v. bid welcome to; greet upon arrival,'welkәm
avoiding,1,no,,,,
yep,1,no,,,,
definitely,1,no,,,,
gawk,1,yes,intermediate,"n. 笨人, 呆子, 笨拙的人；vi. 痴呆着看",n an awkward stupid person；v look with amazement; look stupidly,gɒ:k
shut,1,yes,foundation,"n. 关闭；vt. 关上, 闭起, 幽禁, 合拢, 轧住；vi. 关上, 停止营业",a. not open,ʃʌʃ
mace,1,no,,,,
keeps,1,no,,,,
band,1,no,,,,
rounds,1,no,,,,
buckshot,1,no,,,,
thank,1,no,,,,
wheeler,1,no,,,,
expect,1,no,,,,
advice,1,no,,,,
shotguns,1,no,,,,
birds,1,no,,,,
range,1,yes,advanced,"n. 排, 行, 山脉, 范围, 行列, 射程；vt. 排列, 归类于, 使并列, 放牧；vi. 平行, 延伸, 漫游；[计] 量程; 范围; 域; 距离",n. the limits within which something can be effective；n. a large tract of grassy open land on which livestock can graze；n. a series of hills or mountains；n. a place for shooting (firing or driving) projectiles of various kinds,'reindʒ
close-range,1,no,,,,
combat,1,no,,,,
grab,1,no,,,,
barrel,1,yes,foundation,n. 桶；vt. 装入桶内,n. a tube through which a bullet travels when a gun is fired；n. a cylindrical container that holds liquids；n. a bulging cylindrical shape; hollow with flat ends；n. the quantity that a barrel (of any size) will hold,'bærәl
redirect,1,no,,,,
nervous,1,no,,,,
ask,1,no,,,,
hellfire,1,no,,,,
sit,1,no,,,,
nine,1,no,,,,
facility,1,no,,,,
fence,1,yes,foundation,"n. 围墙, 栅栏, 买卖赃物的人, 剑术；vt. 用篱笆围住, 练习剑术, 防护；vi. 击剑, 搪塞",n. a barrier that serves to enclose an area；n. a dealer in stolen property；v. enclose with a fence；v. receive stolen goods,fens
since,1,no,,,,
high,1,no,,,,
measurements,1,no,,,,
latitude,1,no,,,,
questioning,1,no,,,,
suzie,1,no,,,,
genius,1,yes,foundation,"n. 天才, 天赋, 精神, 神魔；[医] 特征",n. someone who has exceptional intellectual ability and originality；n. exceptional creative ability,'dʒi:njәs
jonathan,1,no,,,,
geniuses,1,no,,,,
mistakes,1,no,,,,
fit,1,yes,foundation,"n. 适宜, 合身, 发作, 痉挛；a. 适宜的, 对的, 准备好的；vt. 适合, 安装, 使合身, 使适应, 使合格；vi. 适合, 符合, 合身；[计] 非特",n. a display of bad temper；n. the manner in which something fits；v. be the right size or shape; fit correctly or as desired；v. make fit,fit
tree,1,no,,,,
ouch,1,no,,,,
stopping,1,no,,,,
degrees,1,no,,,,
macaroni,1,no,,,,
money,1,yes,intermediate,"n. 金钱, 一笔款, 财富, 货币, 金额；[经] 货币, 金钱, 财产",n. the most common medium of exchange; functions as legal tender；n. wealth reckoned in terms of money；n. the official currency issued by a government or national bank,'mʌni
yo,1,no,,,,
pronto,1,yes,foundation,"adv. 很快地, 马上",r in a punctual manner,'prɒntәu
regular,1,no,,,,
tire,1,no,,,,
tracks,1,no,,,,
brochachos,1,no,,,,
tread,1,yes,intermediate,"n. 踏, 步态, 梯级, 交尾, 鞋底；vi. 踏, 行走, 交尾；vt. 踩, 踏, 践踏, 跳(舞)",n. the grooved surface of a pneumatic tire；n. the part (as of a wheel or shoe) that makes contact with the ground；n. structural member consisting of the horizontal part of a stair or step；v. tread or stomp heavily or roughly,tred
fatties,1,no,,,,
favor,1,no,,,,
somebody,1,yes,advanced,"n. 了不起的人, 大人物；pron. 有人, 某人",n a human being,'sʌmbɒdi
mayfield's,1,no,,,,
talk,1,no,,,,
wish,1,no,,,,
forcing,1,no,,,,
complete,1,no,,,,
return,1,no,,,,
daughter,1,no,,,,
choices,1,no,,,,
mama,1,no,,,,
four-fifty,1,no,,,,
mother,1,yes,advanced,"n. 母亲, 修女院长；vt. 产生, 照看, 收养",n. a woman who has given birth to a child (also used as a term of address to your mother)；n. a stringy slimy substance consisting of yeast cells and bacteria; forms during fermentation and is added to cider or wine to produce vinegar；n. a term of address for an elderly woman；n. a term of address for a mother superior,'mʌðә
herself,1,no,,,,
others,1,no,,,,
brought,1,no,,,,
gun,1,no,,,,
killed,1,no,,,,
kept,1,no,,,,
lab,1,no,,,,
children,1,no,,,,
morning,1,no,,,,
believed,1,no,,,,
searching,1,no,,,,
focused,1,no,,,,
soviets,1,no,,,,
manipulated,1,no,,,,
puppet,1,yes,foundation,"n. 傀儡, 木偶；[法] 木偶, 傀儡, 受他人操纵的人",n. a small figure of a person operated from above with strings by a puppeteer；n. a doll with a hollow head of a person or animal and a cloth body; intended to fit over the hand and be manipulated with the fingers,'pʌpit
released,1,no,,,,
anger,1,yes,intermediate,"n. 忿怒；vt. 激怒, 使发怒；vi. 发怒",n. a strong emotion; a feeling that is oriented toward some real or supposed grievance；n. the state of being angry；v. make angry；v. become angry,'æŋgә
risking,1,no,,,,
lied,1,no,,,,
flayer,1,no,,,,
felony,1,no,,,,
guarantees,1,no,,,,
durable,1,no,,,,
deadly,1,yes,intermediate,"a. 致命的, 致死的；adv. 非常, 如死一般地",s. causing or capable of causing death；s. of an instrument of certain death；s. extremely poisonous or injurious; producing venom；s. involving loss of divine grace or spiritual death,'dedli
reliable,1,no,,,,
retreating,1,no,,,,
banished,1,no,,,,
b-a-t,1,no,,,,
henderson,1,no,,,,
promise,1,no,,,,
sinclairs,1,no,,,,
spears,1,no,,,,
flip,1,yes,foundation,"vt. 掷, 弹, 轻击, 空翻；vi. 用指轻弹, 抽打, 蹦跳；n. 抛, 弹, 筋斗；a. 无礼的；[计] 翻转","n. hot or cold alcoholic mixed drink containing a beaten egg；n. a sudden, quick movement；n. the act of flipping a coin；n. a dive in which the diver somersaults before entering the water",flip
damn,1,no,,,,
thumb,1,no,,,,
loose,1,yes,intermediate,"n. 发射, 放任, 放纵；a. 宽松的, 松的, 宽的, 不牢固的, 散漫的, 自由的, 不精确的；vt. 释放, 放枪, 开船；vi. 变松, 开火；adv. 松散地",a. not compact or dense in structure or arrangement；s. (of a ball in sport) not in the possession or control of any player；a. not tight; not closely constrained or constricted or constricting；s. not tense or taut,lu:s
basketball,1,no,,,,
whistle,1,yes,intermediate,"n. 口哨, 汽笛, 啸啸声, 口哨声；vi. 吹口哨, 鸣汽笛, 发嘘嘘声；vt. 用口哨或吹哨传意, 用口哨演奏","n. the sound made by something moving rapidly or by steam coming out of a small aperture；n. the act of signalling (e.g., summoning) by whistling or blowing a whistle；n. a small wind instrument that produces a whistling sound by blowing into it；n. acoustic device that forces air or steam against an edge or into a cavity and so produces a loud shrill sound",'hwisl
kinda,1,no,,,,
riding,1,no,,,,
bench,1,yes,intermediate,n. 长椅子；[机] 台,n. a long seat for more than one person；n. the magistrate or judge or judges sitting in court in judicial capacity to compose the court collectively；n. the reserve players on a team；n. (law) the seat for judges in a courtroom,bentʃ
mattered,1,no,,,,
plus,1,no,,,,
forced,1,no,,,,
bull,1,no,,,,
bench-riding,1,no,,,,
loser,1,no,,,,
facts,1,no,,,,
dan,1,no,,,,
shelter,1,no,,,,
graduated,1,no,,,,
college,1,yes,foundation,"n. 学院, 大学, 学会",n. the body of faculty and students of a college；n. an institution of higher education created to educate and grant degrees; often a part of a university；n. a complex of buildings in which an institution of higher education is housed,'kɒlidʒ
visiting,1,no,,,,
spring,1,yes,foundation,"n. 春天, 弹簧, 跳跃, 弹性, 活力, 泉, 源泉；a. 春天的；vi. 跳, 弹跳, 涌出, 生长, 裂开, 高耸；vt. 使跳起, 使爆炸, 突然提出",n. the season of growth；n. a metal elastic device that returns to its shape or position when pushed or pulled or pressed；n. a natural flow of ground water；n. a point at which water issues forth,spriŋ
break,1,no,,,,
returned,1,no,,,,
unless,1,no,,,,
horndog,1,no,,,,
judge,1,no,,,,
reinhold,1,no,,,,
nah,1,no,,,,
feels,1,no,,,,
perfect,1,yes,intermediate,"n. 完成时；a. 完美的, 完好的, 理想的, 熟练的, 精确的, 完成式的；vt. 使完美, 修改, 使精通, 改善, 使熟练",v. make perfect or complete；a. being complete of its kind and without defect or blemish；s. precisely accurate or exact,'pә:fikt
rug,1,no,,,,
stakes,1,no,,,,
spectacularly,1,no,,,,
low,1,yes,intermediate,"n. 低点, 低价, 低, 牛叫声；a. 低的, 消沉的, 低等的, 浅的, 卑贱的；adv. 低下地, 谦卑地, 低；vi. 牛叫",n. an air mass of lower pressure; often brings precipitation；n. British political cartoonist (born in New Zealand) who created the character Colonel Blimp (1891-1963)；n. a low level or position or degree；a. less than normal in degree or intensity or amount,lәu
romance,1,no,,,,
gnawing,1,no,,,,
mad,1,no,,,,
fools,1,no,,,,
lot,1,no,,,,
precaution,1,yes,foundation,"n. 预防, 留心, 警戒；vt. 预先警告",n. a precautionary measure warding off impending danger or damage or injury etc.；n. the trait of practicing caution in advance,pri'kɒ:ʃәn
intend,1,yes,intermediate,"vt. 计划, 打算, 意思是；[法] 想要, 打算, 意旨",v. have in mind as a purpose；v. design or destine,in'tend
activate,1,no,,,,
best,1,yes,intermediate,"n. 善行, 好处, 利益；a. 好的, 优良的, 上等的, 愉快的, 有益的, 好心的, 慈善的, 虔诚的",n. benefit；n. moral excellence or admirableness；n. that which is pleasing or valuable or useful；a. having desirable or positive qualities especially those suitable for a thing specified,gud
sullivan,1,no,,,,
moving,1,no,,,,
they've,1,no,,,,
immediately,1,no,,,,
proceed,1,yes,foundation,"vi. 继续进行, 进行, 开始, 发出, 起诉；[法] 所得, 收入, 收益",v. move ahead; travel onward in time or space；v. follow a certain course,prәu'si:d
quarter,1,no,,,,
search,1,no,,,,
twos,1,no,,,,
level,1,yes,advanced,"n. 水平, 水准, 平地；a. 同高的, 平坦的, 齐平的, 水平的；vt. 弄平, 夷平, 使同等, 瞄准, 对准；vi. 变平, 拉平；[计] 级别",n. height above ground；n. indicator that establishes the horizontal when a bubble is centered in a tube of liquid；n. an abstract place usually conceived as having depth；v. aim at,'levl
hmm,1,no,,,,
mommy,1,no,,,,
daddy,1,no,,,,
shall,1,no,,,,
charlie-lima-golf,1,no,,,,
target,1,yes,foundation,"n. 目标, 靶子, 指标；vt. 对准, 订指标",n. a reference point to shoot at；n. the location of the target that is to be hit；n. sports equipment consisting of an object set up for a marksman or archer to aim at；v. intend (something) to move towards a certain goal,'tɑ:git
sights,1,no,,,,
requesting,1,no,,,,
permission,1,no,,,,
medically,1,no,,,,
induced,1,no,,,,
drugs,1,no,,,,
murders,1,no,,,,
ends,1,no,,,,
plug,1,yes,foundation,"n. 塞子, 栓, 插头；vt. 插入, 塞住, 接插头；vi. 被塞住",n. blockage consisting of an object designed to fill a hole tightly；n. an electrical device with two or three pins that is inserted in a socket to make an electrical connection；v. fill or close tightly with or as if with a plug；v. persist in working hard,plʌg
begging,1,no,,,,
green,1,yes,foundation,"n. 绿色, 绿色颜料；a. 绿色的, 未成熟的, 新鲜的, 青春的, 无经验的, 脸色发青的",n. green color or pigment; resembling the color of growing grass；n. United States labor leader who was president of the American Federation of Labor from 1924 to 1952 and who led the struggle with the Congress of Industrial Organizations (1873-1952)；n. an environmentalist who belongs to the Green Party；n. a river that rises in western Wyoming and flows southward through Utah to become a tributary of the Colorado River,gri:n
civvies,1,no,,,,
o'clock,1,no,,,,
blood,1,no,,,,
headed,1,no,,,,
everyone's,1,no,,,,
child,1,no,,,,
protect,1,yes,foundation,"vt. 防卫, 保护, 警戒；[法] 庇护, 保护, 警戒","v. shield from danger, injury, destruction, or damage；v. use tariffs to favor domestic industry",prә'tekt
goodbye,1,no,,,,
tonight,1,no,,,,